variant,avg_reward
no_shaping,-1.2981880664613263
shaping_no_equity,-1.2981880664613263
shaping_with_equity,-1.3003777672339827
