policy,mean_rt,mean_rt_lo,mean_rt_hi,sla_pct,sla_lo,sla_hi
least_loaded,1.3001441957432642,1.2980078128315609,1.3023537843352426,9.015635234528519,8.892633389500842,9.138162072431086
rl,1.3002394675455853,1.2971384768102003,1.3034210791351677,9.167275018250548,8.989219676590299,9.356330689920696
sjf,14925782.076785741,14896527.69765901,14954435.310267564,99.96549948249223,99.95649934749021,99.97299959499392
priority,1.309650763778521,1.3075849561398316,1.3118097587623856,10.000150002250034,9.86563548453227,10.123164347465211
