policy,avg_rt_s,p95_s,throughput_rps,sla_viol_pct
random,1.3012725687097078,2.305845823907293,0.0078491351647334,9.16413746206193
round-robin,1.299914860023653,2.2980046827346072,0.007849134827615,9.03213548203223
rl_hier,1.3104760143212275,2.3330022066831586,0.0078491352115967,9.56764351465272
least_loaded,1.2987374606481639,2.290548923052847,0.00784913478345236,9.017135257028855
